{
  "n_samples": 800,
  "point_metrics": {
    "mae": 0.2892926085887105,
    "rmse": 0.39015013306225294,
    "r2": 0.8727629981377736,
    "mape": 9.982113135454167,
    "max_error": 2.1523269795718356,
    "median_ae": 0.22553464577815707
  },
  "calibration": {
    "expected_coverage": [
      0.5,
      0.68,
      0.9,
      0.95,
      0.99
    ],
    "actual_coverage": [
      0.5175,
      0.70125,
      0.8975,
      0.9375,
      0.97375
    ],
    "coverage_gap": [
      0.01749999999999996,
      0.02124999999999999,
      -0.0025000000000000577,
      -0.012499999999999956,
      -0.016249999999999987
    ],
    "mean_calibration_error": 0.01399999999999999,
    "mean_interval_width_95": 1.3800630283732118,
    "std_interval_width_95": 0.12740019673536204
  },
  "residuals": {
    "mean": -0.0077773179536278405,
    "std": 0.39007260818204326,
    "min": -1.323631424098783,
    "max": 2.1523269795718356,
    "skewness": 0.867603152986575,
    "kurtosis": 3.3783023730952326,
    "percentiles": {
      "5": -0.5495992567844373,
      "25": -0.2591108449831684,
      "50": -0.035982799871237425,
      "75": 0.19991695872465776,
      "95": 0.6398637982599454
    }
  },
  "target_stats": {
    "min": 2.0,
    "max": 5.8,
    "mean": 3.161647867635303,
    "std": 1.0937675784125047
  },
  "prediction_stats": {
    "mean_std": 0.35205689499316617,
    "min_std": 0.32904651366915966,
    "max_std": 0.7595320627606358
  },
  "evaluated_at": "2025-11-27T03:05:49.041653"
}