{
  "n_samples": 2527,
  "point_metrics": {
    "mae": 0.3031255468100658,
    "rmse": 0.43695616092850453,
    "r2": 0.853998977629385,
    "mape": 10.374377204907436,
    "max_error": 2.8350729812069235,
    "median_ae": 0.21277149485452096
  },
  "calibration": {
    "expected_coverage": [
      0.5,
      0.68,
      0.9,
      0.95,
      0.99
    ],
    "actual_coverage": [
      0.4970320538187574,
      0.668777206173328,
      0.8369608231104076,
      0.8785120696478037,
      0.9347051840126632
    ],
    "coverage_gap": [
      -0.0029679461812425756,
      -0.011222793826672017,
      -0.06303917688959237,
      -0.07148793035219625,
      -0.055294815987336765
    ],
    "mean_calibration_error": 0.040802532647408,
    "mean_interval_width_95": 1.2458818961265365,
    "std_interval_width_95": 0.11130522174991153
  },
  "residuals": {
    "mean": -0.03437988690849318,
    "std": 0.4356015495260966,
    "min": -2.712582569955873,
    "max": 2.8350729812069235,
    "skewness": -0.08106480035116292,
    "kurtosis": 4.588635688554466,
    "percentiles": {
      "5": -0.7442049038263082,
      "25": -0.24168330006764083,
      "50": -0.03254047164632912,
      "75": 0.17208557754734288,
      "95": 0.6395275902885108
    }
  },
  "target_stats": {
    "min": 2.0,
    "max": 6.8,
    "mean": 3.391775206555101,
    "std": 1.1435625348524865
  },
  "prediction_stats": {
    "mean_std": 0.317827014317994,
    "min_std": 0.29666726102715557,
    "max_std": 0.6348753210837815
  },
  "evaluated_at": "2025-11-27T00:09:44.239962"
}